{"gtr_clf": {"AHRC": {"precision": 0.9166666666666666, "recall": 0.7857142857142857, "f1-score": 0.8461538461538461, "support": 14}, "BBSRC": {"precision": 0.75, "recall": 0.7741935483870968, "f1-score": 0.7619047619047619, "support": 31}, "EPSRC": {"precision": 0.6956521739130435, "recall": 0.8421052631578947, "f1-score": 0.761904761904762, "support": 19}, "ESRC": {"precision": 0.75, "recall": 0.6, "f1-score": 0.6666666666666665, "support": 5}, "Innovate UK": {"precision": 0.7941176470588235, "recall": 0.75, "f1-score": 0.7714285714285715, "support": 36}, "MRC": {"precision": 0.5925925925925926, "recall": 0.6956521739130435, "f1-score": 0.6399999999999999, "support": 23}, "NERC": {"precision": 0.85, "recall": 0.8095238095238095, "f1-score": 0.8292682926829269, "support": 21}, "STFC": {"precision": 1.0, "recall": 0.7272727272727273, "f1-score": 0.8421052631578948, "support": 11}, "micro avg": {"precision": 0.7625, "recall": 0.7625, "f1-score": 0.7625, "support": 160}, "macro avg": {"precision": 0.7936286350288908, "recall": 0.7480577259961072, "f1-score": 0.7649290204874287, "support": 160}, "weighted avg": {"precision": 0.7757411847589276, "recall": 0.7625, "f1-score": 0.7652746617952009, "support": 160}}}