{"gtr_clf": {"AHRC": {"precision": 0.9191643960036331, "recall": 0.9158371040723982, "f1-score": 0.9174977334542157, "support": 1105}, "BBSRC": {"precision": 0.7806224899598394, "recall": 0.8107403545359749, "f1-score": 0.7953964194373401, "support": 1918}, "EPSRC": {"precision": 0.8617630223239839, "recall": 0.8647329121194716, "f1-score": 0.8632454128440367, "support": 3482}, "ESRC": {"precision": 0.7941585535465925, "recall": 0.7542932628797886, "f1-score": 0.7737127371273712, "support": 757}, "Innovate UK": {"precision": 0.879842180774749, "recall": 0.893624772313297, "f1-score": 0.8866799204771373, "support": 2745}, "MRC": {"precision": 0.7775700934579439, "recall": 0.7863894139886578, "f1-score": 0.7819548872180451, "support": 1587}, "NC3Rs": {"precision": 0.6923076923076923, "recall": 0.2727272727272727, "f1-score": 0.391304347826087, "support": 33}, "NERC": {"precision": 0.8802228412256268, "recall": 0.8464285714285714, "f1-score": 0.8629949931725078, "support": 1120}, "STFC": {"precision": 0.9572107765451664, "recall": 0.8974739970282318, "f1-score": 0.9263803680981595, "support": 673}, "micro avg": {"precision": 0.8502980625931446, "recall": 0.8502980625931446, "f1-score": 0.8502980625931446, "support": 13420}, "macro avg": {"precision": 0.8380957829050252, "recall": 0.7824719623437405, "f1-score": 0.7999074244061001, "support": 13420}, "weighted avg": {"precision": 0.8507314884703475, "recall": 0.8502980625931446, "f1-score": 0.850130149684232, "support": 13420}}}